scheme_code,completion_date,scheme_name,estimated_cost,estimated_material,expenditure_wage,expenditure_material,sanctiondate,wage_expense,semiskilled_expense,skilled_expense,material_expense,contingency_expense,total_expense,mandays
3216014006/FP/GIS/1343202,18-08-2021,RENOVATION OF FLOOD CHANNEL AT DIFFERENT PLACES OF SANSAD-VI OLD SANSAD V ,78015.16,2500,87330,0,16-07-2021,87330,0,0,0,0  ,87330,
3216014006/IF/IAY/4227005,10-08-2021,Construction of PMAY-G House for Individuals -PMAY-G  REG. NO. WB5608039 ,18360,0,19170,0,06-06-2020,19170,0,0,0,0  ,19170,
3216014006/IF/IAY/4227008,10-08-2021,Construction of PMAY-G House for Individuals -PMAY-G  REG. NO. WB4640500 ,18360,0,19170,0,10-05-2020,19170,0,0,0,0  ,19170,
3216014006/IF/IAY/4226982,10-08-2021,Construction of PMAY-G House for Individuals -PMAY-G  REG. NO. WB4528675 ,18360,0,19170,0,10-05-2020,19170,0,0,0,0  ,19170,
3216014006/IF/IAY/4226995,10-08-2021,Construction of PMAY-G House for Individuals -PMAY-G  REG. NO. WB5307123 ,18360,0,19170,0,06-06-2020,19170,0,0,0,0  ,19170,
3216014006/IF/IAY/4227002,10-08-2021,Construction of PMAY-G House for Individuals -PMAY-G  REG. NO. WB4209469 ,18360,0,19170,0,10-05-2020,19170,0,0,0,0  ,19170,
3216014006/IF/IAY/4226999,10-08-2021,Construction of PMAY-G House for Individuals -PMAY-G  REG. NO. WB4640720 ,18360,0,19170,0,10-05-2020,19170,0,0,0,0  ,19170,
3216014006/IF/IAY/4226986,10-08-2021,Construction of PMAY-G House for Individuals -PMAY-G  REG. NO. WB4224033 ,18360,0,19170,0,10-05-2020,19170,0,0,0,0  ,19170,
3216014006/IF/IAY/4226976,10-08-2021,Construction of PMAY-G House for Individuals -PMAY-G  REG. NO. WB5282166 ,18360,0,19170,0,06-06-2020,19170,0,0,0,0  ,19170,
3216014006/IF/IAY/4226977,10-08-2021,Construction of PMAY-G House for Individuals -PMAY-G  REG. NO. WB5301359 ,18360,0,19170,0,06-06-2020,19170,0,0,0,0  ,19170,
3216014006/IF/IAY/4226993,10-08-2021,Construction of PMAY-G House for Individuals -PMAY-G  REG. NO. WB4655485 ,18360,0,19170,0,10-05-2020,19170,0,0,0,0  ,19170,
3216014006/IF/IAY/4226987,10-08-2021,Construction of PMAY-G House for Individuals -PMAY-G  REG. NO. WB4203461 ,18360,0,19170,0,10-05-2020,19170,0,0,0,0  ,19170,
3216014006/IF/IAY/4226985,10-08-2021,Construction of PMAY-G House for Individuals -PMAY-G  REG. NO. WB4658009 ,18360,0,19170,0,10-05-2020,19170,0,0,0,0  ,19170,
3216014006/IF/IAY/4226969,10-08-2021,Construction of PMAY-G House for Individuals -PMAY-G  REG. NO. WB4504272 ,18360,0,19170,0,10-05-2020,19170,0,0,0,0  ,19170,
3216014006/IF/IAY/4112228,17-08-2021,Construction of PMAY-G House for Individuals -PMAY-G  REG. NO. WB4273527 ,18360,0,19170,0,27-02-2020,19170,0,0,0,0  ,19170,
3216014006/IF/IAY/4226970,10-08-2021,Construction of PMAY-G House for Individuals -PMAY-G  REG. NO. WB5123853 ,18360,0,19170,0,10-05-2020,19170,0,0,0,0  ,19170,
3216014006/IF/IAY/2949784,13-03-2020,Construction of PMAY-G House for Individuals -PMAY-G  REG. NO. WB4182496 ,17190,0,17190,0,08-09-2019,17190,0,0,0,0  ,17190,
3216014006/IF/IAY/2949788,24-02-2020,Construction of PMAY-G House for Individuals -PMAY-G  REG. NO. WB4825937 ,17190,0,17190,0,22-10-2019,17190,0,0,0,0  ,17190,
3216014006/IF/IAY/2922908,24-02-2020,Construction of PMAY-G House for Individuals -PMAY-G  REG. NO. WB3079231 ,17190,0,17190,0,08-09-2019,17190,0,0,0,0  ,17190,
3216014006/IF/IAY/2949783,24-02-2020,Construction of PMAY-G House for Individuals -PMAY-G  REG. NO. WB3884516 ,17190,0,17190,0,22-10-2019,17190,0,0,0,0  ,17190,
3216014006/IF/IAY/2922906,24-02-2020,Construction of PMAY-G House for Individuals -PMAY-G  REG. NO. WB3867675 ,17190,0,17190,0,08-09-2019,17190,0,0,0,0  ,17190,
3216014006/IF/IAY/2922911,24-02-2020,Construction of PMAY-G House for Individuals -PMAY-G  REG. NO. WB3873563 ,17190,0,17190,0,08-09-2019,17190,0,0,0,0  ,17190,
3216014006/IF/IAY/2922907,24-02-2020,Construction of PMAY-G House for Individuals -PMAY-G  REG. NO. WB3812434 ,17190,0,17190,0,08-09-2019,17190,0,0,0,0  ,17190,
3216014006/IF/IAY/2794268,05-02-2020,Construction of PMAY-G House for Individuals -PMAY-G  REG. NO. WB4033455 ,17190,0,17190,0,10-09-2019,17190,0,0,0,0  ,17190,
3216014006/IF/IAY/2949779,24-02-2020,Construction of PMAY-G House for Individuals -PMAY-G  REG. NO. WB4028132 ,17190,0,17190,0,10-09-2019,17190,0,0,0,0  ,17190,
3216014006/IF/IAY/2794266,05-02-2020,Construction of PMAY-G House for Individuals -PMAY-G  REG. NO. WB5558175 ,17190,0,17190,0,22-09-2019,17190,0,0,0,0  ,17190,
3216014006/IF/IAY/2794267,05-02-2020,Construction of PMAY-G House for Individuals -PMAY-G  REG. NO. WB5505606 ,17190,0,17190,0,22-09-2019,17190,0,0,0,0  ,17190,
3216014006/IF/IAY/2922905,24-02-2020,Construction of PMAY-G House for Individuals -PMAY-G  REG. NO. WB4288310 ,17190,0,17190,0,08-09-2019,17190,0,0,0,0  ,17190,
3216014006/IF/IAY/2794265,05-02-2020,Construction of PMAY-G House for Individuals -PMAY-G  REG. NO. WB3896578 ,17190,0,17190,0,22-09-2019,17190,0,0,0,0  ,17190,
3216014006/IF/IAY/2922909,24-02-2020,Construction of PMAY-G House for Individuals -PMAY-G  REG. NO. WB3896587 ,17190,0,17190,0,08-09-2019,17190,0,0,0,0  ,17190,
3216014006/IF/IAY/2540819,17-01-2020,Construction of PMAY-G House for Individuals -PMAY-G  REG. NO. WB4042448 ,17190,0,17190,0,10-09-2019,17190,0,0,0,0  ,17190,
3216014006/IF/IAY/2794269,24-02-2020,Construction of PMAY-G House for Individuals -PMAY-G  REG. NO. WB3839490 ,17190,0,17190,0,22-09-2019,17190,0,0,0,0  ,17190,
3216014006/IF/IAY/2540820,17-01-2020,Construction of PMAY-G House for Individuals -PMAY-G  REG. NO. WB4824852 ,17190,0,17190,0,17-09-2019,17190,0,0,0,0  ,17190,
3216014006/IF/IAY/2794262,05-02-2020,Construction of PMAY-G House for Individuals -PMAY-G  REG. NO. WB4209450 ,17190,0,16999,0,14-09-2019,16999,0,0,0,0  ,16999,
3216014006/IF/IAY/2540793,17-01-2020,Construction of PMAY-G House for Individuals -PMAY-G  REG. NO. WB4224018 ,17190,0,17190,0,08-09-2019,17190,0,0,0,0  ,17190,
3216014006/IF/IAY/2794264,05-02-2020,Construction of PMAY-G House for Individuals -PMAY-G  REG. NO. WB3878399 ,17190,0,17190,0,08-09-2019,17190,0,0,0,0  ,17190,
3216014006/IF/IAY/2540802,17-01-2020,Construction of PMAY-G House for Individuals -PMAY-G  REG. NO. WB3718314 ,17190,0,17190,0,08-09-2019,17190,0,0,0,0  ,17190,
3216014006/IF/IAY/2540799,17-01-2020,Construction of PMAY-G House for Individuals -PMAY-G  REG. NO. WB2454939 ,17190,0,17190,0,08-09-2019,17190,0,0,0,0  ,17190,
3216014006/IF/IAY/2540782,17-01-2020,Construction of PMAY-G House for Individuals -PMAY-G  REG. NO. WB5662946 ,17190,0,17190,0,08-09-2019,17190,0,0,0,0  ,17190,
3216014006/IF/IAY/2540776,17-01-2020,Construction of PMAY-G House for Individuals -PMAY-G  REG. NO. WB2605585 ,17190,0,17190,0,08-09-2019,17190,0,0,0,0  ,17190,
3216014006/IF/IAY/2540778,17-01-2020,Construction of PMAY-G House for Individuals -PMAY-G  REG. NO. WB5208873 ,17190,0,17190,0,14-09-2019,17190,0,0,0,0  ,17190,
3216014006/IF/IAY/2540755,17-01-2020,Construction of PMAY-G House for Individuals -PMAY-G  REG. NO. WB3731843 ,17190,0,17190,0,08-09-2019,17190,0,0,0,0  ,17190,
3216014006/IF/IAY/2540754,17-01-2020,Construction of PMAY-G House for Individuals -PMAY-G  REG. NO. WB3898694 ,17190,0,17190,0,08-09-2019,17190,0,0,0,0  ,17190,
3216014006/IF/IAY/2540767,17-01-2020,Construction of PMAY-G House for Individuals -PMAY-G  REG. NO. WB3895927 ,17190,0,17190,0,08-09-2019,17190,0,0,0,0  ,17190,
3216014006/IF/IAY/2540746,17-01-2020,Construction of PMAY-G House for Individuals -PMAY-G  REG. NO. WB3707277 ,17190,0,17190,0,08-09-2019,17190,0,0,0,0  ,17190,
3216014006/IF/IAY/2540783,17-01-2020,Construction of PMAY-G House for Individuals -PMAY-G  REG. NO. WB4020938 ,17190,0,17190,0,08-09-2019,17190,0,0,0,0  ,17190,
3216014006/IF/IAY/2540752,17-01-2020,Construction of PMAY-G House for Individuals -PMAY-G  REG. NO. WB3880541 ,17190,0,17190,0,08-09-2019,17190,0,0,0,0  ,17190,
3216014006/IF/IAY/2540726,28-01-2020,Construction of PMAY-G House for Individuals -PMAY-G  REG. NO. WB3897510 ,17190,0,17190,0,08-09-2019,17190,0,0,0,0  ,17190,
3216014006/IF/IAY/2540721,17-01-2020,Construction of PMAY-G House for Individuals -PMAY-G  REG. NO. WB3839913 ,17190,0,17190,0,08-09-2019,17190,0,0,0,0  ,17190,
3216014006/IF/IAY/2540719,24-02-2020,Construction of PMAY-G House for Individuals -PMAY-G  REG. NO. WB4184848 ,17190,0,17190,0,08-09-2019,17190,0,0,0,0  ,17190,
3216014006/IF/IAY/2540804,17-01-2020,Construction of PMAY-G House for Individuals -PMAY-G  REG. NO. WB3838422 ,17190,0,17190,0,08-09-2019,17190,0,0,0,0  ,17190,
3216014006/IF/IAY/2540716,17-01-2020,Construction of PMAY-G House for Individuals -PMAY-G  REG. NO. WB3682514 ,17190,0,17190,0,08-09-2019,17190,0,0,0,0  ,17190,
3216014006/IF/IAY/2540703,17-01-2020,Construction of PMAY-G House for Individuals -PMAY-G  REG. NO. WB5687069 ,17190,0,17190,0,08-09-2019,17190,0,0,0,0  ,17190,
3216014006/IF/IAY/2540700,28-01-2020,Construction of PMAY-G House for Individuals -PMAY-G  REG. NO. WB4074281 ,17190,0,17190,0,08-09-2019,17190,0,0,0,0  ,17190,
3216014006/IF/IAY/2540699,17-01-2020,Construction of PMAY-G House for Individuals -PMAY-G  REG. NO. WB3841329 ,17190,0,17190,0,08-09-2019,17190,0,0,0,0  ,17190,
3216014006/IF/IAY/2540692,24-02-2020,Construction of PMAY-G House for Individuals -PMAY-G  REG. NO. WB4667622 ,17190,0,17190,0,08-09-2019,17190,0,0,0,0  ,17190,
3216014006/IF/IAY/2540686,17-01-2020,Construction of PMAY-G House for Individuals -PMAY-G  REG. NO. WB3696960 ,17190,0,17190,0,08-09-2019,17190,0,0,0,0  ,17190,
3216014006/IF/IAY/2540702,17-01-2020,Construction of PMAY-G House for Individuals -PMAY-G  REG. NO. WB3694185 ,17190,0,17190,0,08-09-2019,17190,0,0,0,0  ,17190,
3216014006/IF/IAY/2540673,17-01-2020,Construction of PMAY-G House for Individuals -PMAY-G  REG. NO. WB5641532 ,17190,0,17190,0,08-09-2019,17190,0,0,0,0  ,17190,
3216014006/IF/IAY/2540730,28-01-2020,Construction of PMAY-G House for Individuals -PMAY-G  REG. NO. WB3897281 ,17190,0,17190,0,08-09-2019,17190,0,0,0,0  ,17190,
3216014006/IF/IAY/2540732,24-02-2020,Construction of PMAY-G House for Individuals -PMAY-G  REG. NO. WB3865110 ,17190,0,17190,0,08-09-2019,17190,0,0,0,0  ,17190,
3216014006/IF/IAY/2540669,17-01-2020,Construction of PMAY-G House for Individuals -PMAY-G  REG. NO. WB3828535 ,17190,0,17190,0,08-09-2019,17190,0,0,0,0  ,17190,
3216014006/IF/IAY/2540656,17-01-2020,Construction of PMAY-G House for Individuals -PMAY-G  REG. NO. WB3184177 ,17190,0,17190,0,08-09-2019,17190,0,0,0,0  ,17190,
3216014006/IF/IAY/2540648,17-01-2020,Construction of PMAY-G House for Individuals -PMAY-G  REG. NO. WB4911213 ,17190,0,17190,0,08-09-2019,17190,0,0,0,0  ,17190,
3216014006/IF/IAY/2540646,17-01-2020,Construction of PMAY-G House for Individuals -PMAY-G  REG. NO. WB3694167 ,17190,0,17190,0,08-09-2019,17190,0,0,0,0  ,17190,
3216014006/IF/IAY/2540668,17-01-2020,Construction of PMAY-G House for Individuals -PMAY-G  REG. NO. WB2183777 ,17190,0,17190,0,08-09-2019,17190,0,0,0,0  ,17190,
3216014006/IF/IAY/2540747,24-02-2020,Construction of PMAY-G House for Individuals -PMAY-G  REG. NO. WB3870100 ,17190,0,17190,0,08-09-2019,17190,0,0,0,0  ,17190,
3216014006/IF/IAY/2540641,17-01-2020,Construction of PMAY-G House for Individuals -PMAY-G  REG. NO. WB5108319 ,17190,0,11460,0,08-09-2019,11460,0,0,0,0  ,11460,
3216014006/IF/IAY/2794263,05-02-2020,Construction of PMAY-G House for Individuals -PMAY-G  REG. NO. WB4286132 ,17190,0,17190,0,22-09-2019,17190,0,0,0,0  ,17190,
3216014006/IF/IAY/2540780,17-01-2020,Construction of PMAY-G House for Individuals -PMAY-G  REG. NO. WB3829451 ,17190,0,17190,0,08-09-2019,17190,0,0,0,0  ,17190,
3216014006/IF/IAY/2540800,17-01-2020,Construction of PMAY-G House for Individuals -PMAY-G  REG. NO. WB4438104 ,17190,0,17190,0,08-09-2019,17190,0,0,0,0  ,17190,
3216014006/IF/IAY/2540631,17-01-2020,Construction of PMAY-G House for Individuals -PMAY-G  REG. NO. WB3680373 ,17190,0,17190,0,08-09-2019,17190,0,0,0,0  ,17190,
3216014006/IF/IAY/2540626,17-01-2020,Construction of PMAY-G House for Individuals -PMAY-G  REG. NO. WB5173868 ,17190,0,17190,0,14-09-2019,17190,0,0,0,0  ,17190,
3216014006/IF/IAY/2540642,17-01-2020,Construction of PMAY-G House for Individuals -PMAY-G  REG. NO. WB3868586 ,17190,0,17190,0,08-09-2019,17190,0,0,0,0  ,17190,
3216014006/IF/IAY/2540611,17-01-2020,Construction of PMAY-G House for Individuals -PMAY-G  REG. NO. WB3895982 ,17190,0,17190,0,08-09-2019,17190,0,0,0,0  ,17190,
3216014006/IF/IAY/2540610,17-01-2020,Construction of PMAY-G House for Individuals -PMAY-G  REG. NO. WB3870665 ,17190,0,17190,0,08-09-2019,17190,0,0,0,0  ,17190,
3216014006/IF/IAY/2540607,24-02-2020,Construction of PMAY-G House for Individuals -PMAY-G  REG. NO. WB1374875 ,17190,0,17190,0,08-09-2019,17190,0,0,0,0  ,17190,
3216014006/IF/IAY/2540606,17-01-2020,Construction of PMAY-G House for Individuals -PMAY-G  REG. NO. WB3829258 ,17190,0,17190,0,08-09-2019,17190,0,0,0,0  ,17190,
3216014006/IF/IAY/2540685,24-02-2020,Construction of PMAY-G House for Individuals -PMAY-G  REG. NO. WB4187205 ,17190,0,17190,0,08-09-2019,17190,0,0,0,0  ,17190,
3216014006/IF/IAY/2540594,17-01-2020,Construction of PMAY-G House for Individuals -PMAY-G  REG. NO. WB3882545 ,17190,0,17190,0,08-09-2019,17190,0,0,0,0  ,17190,
3216014006/IF/IAY/2540587,17-01-2020,Construction of PMAY-G House for Individuals -PMAY-G  REG. NO. WB3883178 ,17190,0,17190,0,08-09-2019,17190,0,0,0,0  ,17190,
3216014006/IF/IAY/2540585,17-01-2020,Construction of PMAY-G House for Individuals -PMAY-G  REG. NO. WB5111033 ,17190,0,17190,0,08-09-2019,17190,0,0,0,0  ,17190,
3216014006/IF/IAY/2540578,17-01-2020,Construction of PMAY-G House for Individuals -PMAY-G  REG. NO. WB3874089 ,17190,0,17190,0,08-09-2019,17190,0,0,0,0  ,17190,
3216014006/IF/IAY/2540570,28-01-2020,Construction of PMAY-G House for Individuals -PMAY-G  REG. NO. WB3897487 ,17190,0,17190,0,08-09-2019,17190,0,0,0,0  ,17190,
3216014006/IF/IAY/2540590,17-01-2020,Construction of PMAY-G House for Individuals -PMAY-G  REG. NO. WB3678747 ,17190,0,17190,0,08-09-2019,17190,0,0,0,0  ,17190,
3216014006/IF/IAY/2540555,24-02-2020,Construction of PMAY-G House for Individuals -PMAY-G  REG. NO. WB4193417 ,17190,0,17190,0,08-09-2019,17190,0,0,0,0  ,17190,
3216014006/IF/IAY/2540553,17-01-2020,Construction of PMAY-G House for Individuals -PMAY-G  REG. NO. WB3176449 ,17190,0,17190,0,08-09-2019,17190,0,0,0,0  ,17190,
3216014006/IF/IAY/2540639,17-01-2020,Construction of PMAY-G House for Individuals -PMAY-G  REG. NO. WB3812380 ,17190,0,17190,0,08-09-2019,17190,0,0,0,0  ,17190,
3216014006/IF/IAY/2540564,17-01-2020,Construction of PMAY-G House for Individuals -PMAY-G  REG. NO. WB3684198 ,17190,0,17190,0,08-09-2019,17190,0,0,0,0  ,17190,
3216014006/IF/IAY/2540537,17-01-2020,Construction of PMAY-G House for Individuals -PMAY-G  REG. NO. WB3894860 ,17190,0,17190,0,08-09-2019,17190,0,0,0,0  ,17190,
3216014006/IF/IAY/2540552,17-01-2020,Construction of PMAY-G House for Individuals -PMAY-G  REG. NO. WB3707367 ,17190,0,17190,0,08-09-2019,17190,0,0,0,0  ,17190,
3216014006/IF/IAY/2540532,17-01-2020,Construction of PMAY-G House for Individuals -PMAY-G  REG. NO. WB3147790 ,17190,0,17190,0,08-09-2019,17190,0,0,0,0  ,17190,
3216014006/IF/IAY/2540616,17-01-2020,Construction of PMAY-G House for Individuals -PMAY-G  REG. NO. WB3687734 ,17190,0,17190,0,08-09-2019,17190,0,0,0,0  ,17190,
3216014006/IF/IAY/2540644,17-01-2020,Construction of PMAY-G House for Individuals -PMAY-G  REG. NO. WB3688742 ,17190,0,17190,0,08-09-2019,17190,0,0,0,0  ,17190,
3216014006/IF/IAY/2540550,17-01-2020,Construction of PMAY-G House for Individuals -PMAY-G  REG. NO. WB3188527 ,17190,0,17190,0,08-09-2019,17190,0,0,0,0  ,17190,
3216014006/IF/IAY/2540535,17-01-2020,Construction of PMAY-G House for Individuals -PMAY-G  REG. NO. WB1793629 ,17190,0,17190,0,08-09-2019,17190,0,0,0,0  ,17190,
3216014006/IF/IAY/2540531,17-01-2020,Construction of PMAY-G House for Individuals -PMAY-G  REG. NO. WB5231246 ,17190,0,17190,0,08-09-2019,17190,0,0,0,0  ,17190,
3216014006/IF/IAY/2540530,17-01-2020,Construction of PMAY-G House for Individuals -PMAY-G  REG. NO. WB3718234 ,17190,0,17190,0,08-09-2019,17190,0,0,0,0  ,17190,
3216014006/IF/IAY/2540630,17-01-2020,Construction of PMAY-G House for Individuals -PMAY-G  REG. NO. WB5561503 ,17190,0,17190,0,08-09-2019,17190,0,0,0,0  ,17190,
3216014006/IF/IAY/2540529,28-01-2020,Construction of PMAY-G House for Individuals -PMAY-G  REG. NO. WB4019538 ,17190,0,17190,0,08-09-2019,17190,0,0,0,0  ,17190,
3216014006/IF/IAY/2540512,17-01-2020,Construction of PMAY-G House for Individuals -PMAY-G  REG. NO. WB4074388 ,17190,0,17190,0,08-09-2019,17190,0,0,0,0  ,17190,
3216014006/IF/IAY/2540504,17-01-2020,Construction of PMAY-G House for Individuals -PMAY-G  REG. NO. WB3861744 ,17190,0,17190,0,08-09-2019,17190,0,0,0,0  ,17190,
3216014006/IF/IAY/2540523,17-01-2020,Construction of PMAY-G House for Individuals -PMAY-G  REG. NO. WB3870554 ,17190,0,17190,0,08-09-2019,17190,0,0,0,0  ,17190,
3216014006/IF/IAY/2540528,17-01-2020,Construction of PMAY-G House for Individuals -PMAY-G  REG. NO. WB3719204 ,17190,0,17190,0,08-09-2019,17190,0,0,0,0  ,17190,
3216014006/IF/IAY/2540524,17-01-2020,Construction of PMAY-G House for Individuals -PMAY-G  REG. NO. WB3690514 ,17190,0,17190,0,08-09-2019,17190,0,0,0,0  ,17190,
3216014006/IF/IAY/2540500,17-01-2020,Construction of PMAY-G House for Individuals -PMAY-G  REG. NO. WB3080733 ,17190,0,17190,0,08-09-2019,17190,0,0,0,0  ,17190,
3216014006/IF/IAY/2540527,17-01-2020,Construction of PMAY-G House for Individuals -PMAY-G  REG. NO. WB4074291 ,17190,0,17190,0,08-09-2019,17190,0,0,0,0  ,17190,
3216014006/IF/IAY/2540475,17-01-2020,Construction of PMAY-G House for Individuals -PMAY-G  REG. NO. WB3884415 ,17190,0,17190,0,08-09-2019,17190,0,0,0,0  ,17190,
3216014006/IF/IAY/2540474,17-01-2020,Construction of PMAY-G House for Individuals -PMAY-G  REG. NO. WB3676589 ,17190,0,17190,0,08-09-2019,17190,0,0,0,0  ,17190,
3216014006/IF/IAY/2540472,24-02-2020,Construction of PMAY-G House for Individuals -PMAY-G  REG. NO. WB3897517 ,17190,0,17190,0,08-09-2019,17190,0,0,0,0  ,17190,
3216014006/IF/IAY/2540495,17-01-2020,Construction of PMAY-G House for Individuals -PMAY-G  REG. NO. WB3175882 ,17190,0,17190,0,08-09-2019,17190,0,0,0,0  ,17190,
3216014006/IF/IAY/2540485,24-02-2020,Construction of PMAY-G House for Individuals -PMAY-G  REG. NO. WB4086741 ,17190,0,17190,0,08-09-2019,17190,0,0,0,0  ,17190,
3216014006/IF/IAY/2540522,17-01-2020,Construction of PMAY-G House for Individuals -PMAY-G  REG. NO. WB4034253 ,17190,0,17190,0,08-09-2019,17190,0,0,0,0  ,17190,
3216014006/IF/IAY/2540640,17-01-2020,Construction of PMAY-G House for Individuals -PMAY-G  REG. NO. WB3884820 ,17190,0,17190,0,08-09-2019,17190,0,0,0,0  ,17190,
3216014006/IF/IAY/2540672,17-01-2020,Construction of PMAY-G House for Individuals -PMAY-G  REG. NO. WB3678709 ,17190,0,17190,0,08-09-2019,17190,0,0,0,0  ,17190,
3216014006/IF/IAY/2540462,24-02-2020,Construction of PMAY-G House for Individuals -PMAY-G  REG. NO. WB3874375 ,17190,0,17190,0,08-09-2019,17190,0,0,0,0  ,17190,
3216014006/IF/IAY/2540467,17-01-2020,Construction of PMAY-G House for Individuals -PMAY-G  REG. NO. WB4421127 ,17190,0,17190,0,08-09-2019,17190,0,0,0,0  ,17190,
3216014006/IF/IAY/2540451,17-01-2020,Construction of PMAY-G House for Individuals -PMAY-G  REG. NO. WB3843861 ,17190,0,17190,0,08-09-2019,17190,0,0,0,0  ,17190,
3216014006/IF/IAY/2540453,17-01-2020,Construction of PMAY-G House for Individuals -PMAY-G  REG. NO. WB4148243 ,17190,0,17190,0,08-09-2019,17190,0,0,0,0  ,17190,
3216014006/IF/IAY/2540440,17-01-2020,Construction of PMAY-G House for Individuals -PMAY-G  REG. NO. WB3879563 ,17190,0,17190,0,08-09-2019,17190,0,0,0,0  ,17190,
3216014006/IF/IAY/2540447,17-01-2020,Construction of PMAY-G House for Individuals -PMAY-G  REG. NO. WB4074115 ,17190,0,17190,0,08-09-2019,17190,0,0,0,0  ,17190,
3216014006/IF/IAY/2540420,24-02-2020,Construction of PMAY-G House for Individuals -PMAY-G  REG. NO. WB3879892 ,17190,0,17190,0,08-09-2019,17190,0,0,0,0  ,17190,
3216014006/IF/IAY/2540426,17-01-2020,Construction of PMAY-G House for Individuals -PMAY-G  REG. NO. WB3878379 ,17190,0,17190,0,08-09-2019,17190,0,0,0,0  ,17190,
3216014006/IF/IAY/2540417,17-01-2020,Construction of PMAY-G House for Individuals -PMAY-G  REG. NO. WB3159404 ,17190,0,17190,0,08-09-2019,17190,0,0,0,0  ,17190,
3216014006/IF/IAY/2540416,17-01-2020,Construction of PMAY-G House for Individuals -PMAY-G  REG. NO. WB3867574 ,17190,0,17190,0,08-09-2019,17190,0,0,0,0  ,17190,
3216014006/IF/IAY/2540413,17-01-2020,Construction of PMAY-G House for Individuals -PMAY-G  REG. NO. WB4173865 ,17190,0,17190,0,08-09-2019,17190,0,0,0,0  ,17190,
3216014006/IF/IAY/2540410,17-01-2020,Construction of PMAY-G House for Individuals -PMAY-G  REG. NO. WB2947564 ,17190,0,17190,0,08-09-2019,17190,0,0,0,0  ,17190,
3216014006/IF/IAY/2540406,17-01-2020,Construction of PMAY-G House for Individuals -PMAY-G  REG. NO. WB2931093 ,17190,0,17190,0,08-09-2019,17190,0,0,0,0  ,17190,
3216014006/IF/IAY/2540396,17-01-2020,Construction of PMAY-G House for Individuals -PMAY-G  REG. NO. WB3719256 ,17190,0,17190,0,08-09-2019,17190,0,0,0,0  ,17190,
3216014006/IF/IAY/2540395,17-01-2020,Construction of PMAY-G House for Individuals -PMAY-G  REG. NO. WB3718741 ,17190,0,17190,0,08-09-2019,17190,0,0,0,0  ,17190,
3216014006/IF/IAY/2540389,17-01-2020,Construction of PMAY-G House for Individuals -PMAY-G  REG. NO. WB3828475 ,17190,0,17190,0,08-09-2019,17190,0,0,0,0  ,17190,
3216014006/IF/IAY/2540414,17-01-2020,Construction of PMAY-G House for Individuals -PMAY-G  REG. NO. WB1164800 ,17190,0,17190,0,08-09-2019,17190,0,0,0,0  ,17190,
3216014006/IF/IAY/2540443,17-01-2020,Construction of PMAY-G House for Individuals -PMAY-G  REG. NO. WB3124043 ,17190,0,17190,0,08-09-2019,17190,0,0,0,0  ,17190,
3216014006/IF/IAY/2540470,17-01-2020,Construction of PMAY-G House for Individuals -PMAY-G  REG. NO. WB3828935 ,17190,0,17190,0,08-09-2019,17190,0,0,0,0  ,17190,
3216014006/IF/IAY/2540387,24-02-2020,Construction of PMAY-G House for Individuals -PMAY-G  REG. NO. WB4211730 ,17190,0,14325,0,08-09-2019,14325,0,0,0,0  ,14325,
3216014006/IF/IAY/2540380,28-01-2020,Construction of PMAY-G House for Individuals -PMAY-G  REG. NO. WB4032893 ,17190,0,17190,0,08-09-2019,17190,0,0,0,0  ,17190,
3216014006/IF/IAY/2540379,17-01-2020,Construction of PMAY-G House for Individuals -PMAY-G  REG. NO. WB4033498 ,17190,0,17190,0,10-09-2019,17190,0,0,0,0  ,17190,
3216014006/IF/IAY/2540468,17-01-2020,Construction of PMAY-G House for Individuals -PMAY-G  REG. NO. WB2997928 ,17190,0,17190,0,08-09-2019,17190,0,0,0,0  ,17190,
3216014006/IF/IAY/2540377,17-01-2020,Construction of PMAY-G House for Individuals -PMAY-G  REG. NO. WB2060768 ,17190,0,17190,0,08-09-2019,17190,0,0,0,0  ,17190,
3216014006/IF/IAY/2540376,06-02-2020,Construction of PMAY-G House for Individuals -PMAY-G  REG. NO. WB4069615 ,17190,0,17190,0,08-09-2019,17190,0,0,0,0  ,17190,
3216014006/IF/IAY/2540375,17-01-2020,Construction of PMAY-G House for Individuals -PMAY-G  REG. NO. WB3915502 ,17190,0,17190,0,08-09-2019,17190,0,0,0,0  ,17190,
3216014006/IF/IAY/2540386,17-01-2020,Construction of PMAY-G House for Individuals -PMAY-G  REG. NO. WB3917429 ,17190,0,17190,0,08-09-2019,17190,0,0,0,0  ,17190,
3216014006/IF/IAY/2540371,24-02-2020,Construction of PMAY-G House for Individuals -PMAY-G  REG. NO. WB3873417 ,17190,0,17190,0,08-09-2019,17190,0,0,0,0  ,17190,
3216014006/IF/IAY/2540345,17-01-2020,Construction of PMAY-G House for Individuals -PMAY-G  REG. NO. WB4085099 ,17190,0,17190,0,10-09-2019,17190,0,0,0,0  ,17190,
3216014006/IF/IAY/2540365,17-01-2020,Construction of PMAY-G House for Individuals -PMAY-G  REG. NO. WB3884347 ,17190,0,17190,0,08-09-2019,17190,0,0,0,0  ,17190,
3216014006/IF/IAY/2540498,17-01-2020,Construction of PMAY-G House for Individuals -PMAY-G  REG. NO. WB3676684 ,17190,0,17190,0,08-09-2019,17190,0,0,0,0  ,17190,
3216014006/IF/IAY/2540480,17-01-2020,Construction of PMAY-G House for Individuals -PMAY-G  REG. NO. WB3884387 ,17190,0,17190,0,10-09-2019,17190,0,0,0,0  ,17190,
3216014006/IF/IAY/2540325,17-01-2020,Construction of PMAY-G House for Individuals -PMAY-G  REG. NO. WB2625820 ,17190,0,17190,0,08-09-2019,17190,0,0,0,0  ,17190,
3216014006/IF/IAY/2540324,24-02-2020,Construction of PMAY-G House for Individuals -PMAY-G  REG. NO. WB4188560 ,17190,0,17190,0,10-09-2019,17190,0,0,0,0  ,17190,
3216014006/IF/IAY/2540321,17-01-2020,Construction of PMAY-G House for Individuals -PMAY-G  REG. NO. WB3716302 ,17190,0,17190,0,08-09-2019,17190,0,0,0,0  ,17190,
3216014006/IF/IAY/2540336,17-01-2020,Construction of PMAY-G House for Individuals -PMAY-G  REG. NO. WB3124591 ,17190,0,17190,0,08-09-2019,17190,0,0,0,0  ,17190,
3216014006/IF/IAY/2540461,17-01-2020,Construction of PMAY-G House for Individuals -PMAY-G  REG. NO. WB2606630 ,17190,0,17190,0,08-09-2019,17190,0,0,0,0  ,17190,
3216014006/IF/IAY/2540319,17-01-2020,Construction of PMAY-G House for Individuals -PMAY-G  REG. NO. WB3870534 ,17190,0,17190,0,08-09-2019,17190,0,0,0,0  ,17190,
3216014006/IF/IAY/2540333,17-01-2020,Construction of PMAY-G House for Individuals -PMAY-G  REG. NO. WB4081538 ,17190,0,17190,0,10-09-2019,17190,0,0,0,0  ,17190,
3216014006/IF/IAY/2540309,17-01-2020,Construction of PMAY-G House for Individuals -PMAY-G  REG. NO. WB4955117 ,17190,0,17190,0,14-09-2019,17190,0,0,0,0  ,17190,
3216014006/IF/IAY/2540315,17-01-2020,Construction of PMAY-G House for Individuals -PMAY-G  REG. NO. WB3838786 ,17190,0,17190,0,10-09-2019,17190,0,0,0,0  ,17190,
3216014006/IF/IAY/2540385,17-01-2020,Construction of PMAY-G House for Individuals -PMAY-G  REG. NO. WB3676252 ,17190,0,17190,0,08-09-2019,17190,0,0,0,0  ,17190,
3216014006/WC/PP/4100,04-06-2020,1 EXCAVATION OF POND LAND OF AMAR NASKAR ,67986.99,3000,44396,0,10-07-2019,44396,0,0,0,0  ,44396,
3216014006/IF/IAY/2540310,17-02-2020,Construction of PMAY-G House for Individuals -PMAY-G  REG. NO. WB1705263 ,17190,0,15853,0,08-09-2019,15853,0,0,0,0  ,15853,
3216014006/IF/IAY/2540378,17-01-2020,Construction of PMAY-G House for Individuals -PMAY-G  REG. NO. WB3724551 ,17190,0,17190,0,08-09-2019,17190,0,0,0,0  ,17190,
3216014006/WC/321002040882640,01-10-2020,RAIN WATER HARVESTING AT RASAPUNJA FP SCHOOL UNIT III ,9071.07,144194.61,9263,128892.7686,20-01-2020,9263,0,0,128892.7686,0  ,138155.7686,
3216014006/IF/IAY/2540308,17-01-2020,Construction of PMAY-G House for Individuals -PMAY-G  REG. NO. WB3812678 ,17190,0,17190,0,08-09-2019,17190,0,0,0,0  ,17190,
3216014006/IF/IAY/2540303,17-01-2020,Construction of PMAY-G House for Individuals -PMAY-G  REG. NO. WB5212513 ,17190,0,17190,0,14-09-2019,17190,0,0,0,0  ,17190,
3216014006/IF/IAY/2540302,17-01-2020,Construction of PMAY-G House for Individuals -PMAY-G  REG. NO. WB3694192 ,17190,0,17190,0,08-09-2019,17190,0,0,0,0  ,17190,
3216014006/IF/IAY/2540298,17-01-2020,Construction of PMAY-G House for Individuals -PMAY-G  REG. NO. WB4073428 ,17190,0,17190,0,10-09-2019,17190,0,0,0,0  ,17190,
3216014006/IF/IAY/2540335,17-01-2020,Construction of PMAY-G House for Individuals -PMAY-G  REG. NO. WB3690576 ,17190,0,17190,0,08-09-2019,17190,0,0,0,0  ,17190,
3216014006/RC/320201060553818,16-04-2020,CONSTRUCTION OF CC ROAD FROM SUKHEN PRAMANIK HOUSE TO USMAN ALI GAYEN TEA SHOP AT SANSAD XXI ,59412.99,799789.64,45840,0,27-02-2020,45840,0,0,0,0  ,45840,
3216014006/IF/IAY/2540276,17-01-2020,Construction of PMAY-G House for Individuals -PMAY-G  REG. NO. WB4028322 ,17190,0,17190,0,10-09-2019,17190,0,0,0,0  ,17190,
3216014006/IF/IAY/2540287,24-02-2020,Construction of PMAY-G House for Individuals -PMAY-G  REG. NO. WB3868601 ,17190,0,17190,0,08-09-2019,17190,0,0,0,0  ,17190,
3216014006/IF/IAY/2540299,24-02-2020,Construction of PMAY-G House for Individuals -PMAY-G  REG. NO. WB3867682 ,17190,0,17190,0,08-09-2019,17190,0,0,0,0  ,17190,
3216014006/WC/321002040886298,21-10-2020,RAIN WATER HARVESTING AT RASAPUNJA JNANADAMOYEE BALIKA VIDYALAYA ,10050.33,182929.38,9958,0,25-02-2020,9958,0,0,0,0  ,9958,
3216014006/IF/IAY/2794261,31-05-2020,Construction of PMAY-G House for Individuals -PMAY-G  REG. NO. WB3896022 ,17190,0,14715,0,22-09-2019,14715,0,0,0,0  ,14715,
3216014006/IF/IAY/2540314,17-01-2020,Construction of PMAY-G House for Individuals -PMAY-G  REG. NO. WB4081976 ,17190,0,17190,0,08-09-2019,17190,0,0,0,0  ,17190,
3216014006/IF/321002041202074,13-02-2021,CONSTRUCTION OF STATE HOUSE OF ASHMA BIBI AND NINE OTHERS BENEFICIARIES ,183600,124890,175440,0,29-06-2020,175440,0,0,0,0  ,175440,
3216014006/IF/321002041202628,13-02-2021,CONSTRUCTION OF STATE HOUSE OF KASMIRA SEKH AND NINE OTHERS BENEFICIARIES ,183600,124890,183192,0,29-06-2020,183192,0,0,0,0  ,183192,
3216014006/IF/IAY/2540290,17-01-2020,Construction of PMAY-G House for Individuals -PMAY-G  REG. NO. WB3896566 ,17190,0,17190,0,08-09-2019,17190,0,0,0,0  ,17190,
3216014006/IF/321002041201856,13-02-2021,CONSTRUCTION OF STATE HOUSE OF FATEMA BIBI AND NINE OTHERS BENEFICIARIES ,183600,124890,183600,0,29-06-2020,183600,0,0,0,0  ,183600,
3216014006/WC/321002040886306,01-10-2020,RAIN WATER HARVESTING AT RASAPUNJA HEALTH CENTRE ,9071.07,144194.61,8333,128892.7686,25-02-2020,8333,0,0,128892.7686,0  ,137225.7686,
3216014006/IF/IAY/2540273,17-01-2020,Construction of PMAY-G House for Individuals -PMAY-G  REG. NO. WB3840797 ,17190,0,17190,0,08-09-2019,17190,0,0,0,0  ,17190,
3216014006/IF/IAY/2540272,28-01-2020,Construction of PMAY-G House for Individuals -PMAY-G  REG. NO. WB4081204 ,17190,0,17190,0,10-09-2019,17190,0,0,0,0  ,17190,
3216014006/IF/IAY/2540382,17-01-2020,Construction of PMAY-G House for Individuals -PMAY-G  REG. NO. WB1207486 ,17190,0,17190,0,08-09-2019,17190,0,0,0,0  ,17190,
3216014006/IF/321002041201973,04-02-2021,CONSTRUCTION OF STATE HOUSE OF PRATIMA ROYCHOWDHURY AND NINE OTHERS BENEFICIARIES ,183600,124890,163812,0,29-06-2020,163812,0,0,0,0  ,163812,
3216014006/IF/IAY/2540269,17-01-2020,Construction of PMAY-G House for Individuals -PMAY-G  REG. NO. WB5354915 ,17190,0,17190,0,14-09-2019,17190,0,0,0,0  ,17190,
3216014006/IF/321002041201504,04-02-2021,CONSTRUCTION OF STATE HOUSE OF JAYASHREE MONDAL AND NINE OTHERS BENEFICIARIES ,183600,124890,183600,0,29-06-2020,183600,0,0,0,0  ,183600,
3216014006/IF/321002041201527,13-02-2021,CONSTRUCTION OF STATE HOUSE OF RINA BIBI AND NINE OTHERS BENEFICIARIES ,183600,124890,183600,0,29-06-2020,183600,0,0,0,0  ,183600,
3216014006/IF/321002041041066,05-03-2020,CONSTRUCTION OF HOUSE OF DESTITUTE WOMEN APARNA BHUIYA ,17190,0,17190,0,01-11-2019,17190,0,0,0,0  ,17190,
3216014006/IF/IAY/2540266,24-02-2020,Construction of PMAY-G House for Individuals -PMAY-G  REG. NO. WB5275106 ,17190,0,17190,0,08-09-2019,17190,0,0,0,0  ,17190,
3216014006/IF/321002041201511,04-02-2021,CONSTRUCTION OF STATE HOUSE OF MOHASIN TARAFDAR AND NINE OTHERS BENEFICIARIES ,183600,124890,183600,0,29-06-2020,183600,0,0,0,0  ,183600,
3216014006/IF/IAY/2540274,17-01-2020,Construction of PMAY-G House for Individuals -PMAY-G  REG. NO. WB5231265 ,17190,0,17190,0,14-09-2019,17190,0,0,0,0  ,17190,
3216014006/IF/321002041041064,05-03-2020,CONSTRUCTION OF HOUSE OF DESTITUTE WOMEN AMINA BIBI 03 401 ,17190,0,17190,0,01-11-2019,17190,0,0,0,0  ,17190,
3216014006/IF/321002041041062,05-03-2020,CONSTRUCTION OF HOUSE OF DESTITUTE WOMEN HALIMA BIBI 03 399 ,17190,0,17190,0,01-11-2019,17190,0,0,0,0  ,17190,
3216014006/IF/321002041201853,13-02-2021,CONSTRUCTION OF STATE HOUSE OF RAJU KHAN AND NINE OTHERS BENEFICIARIES ,183600,124890,177480,0,29-06-2020,177480,0,0,0,0  ,177480,
3216014006/IF/321002041019275,01-10-2019,PLANTATION OF HORTICULTURE TREES IN FIELDS FOR INDIVIDUALS BULA SINGH 03 396 ,2007.66,3432.59,1910,0,14-09-2019,1910,0,0,0,0  ,1910,
3216014006/IF/321002041041063,05-03-2020,CONSTRUCTION OF HOUSE OF DESTITUTE WOMEN RAMUCHA BIBI 03 398 ,17190,0,17190,0,01-11-2019,17190,0,0,0,0  ,17190,
3216014006/IF/321002041201424,13-02-2021,CONSTRUCTION OF STATE HOUSE OF SANTI PRAMANICK AND NINE OTHERS BENEFICIARIES ,183600,124890,180540,0,29-06-2020,180540,0,0,0,0  ,180540,
3216014006/IF/321002041019283,01-10-2019,PLANTATION OF HORTICULTURE TREES IN FIELDS FOR INDIVIDUALS BABUN SARKAR 02 421 ,1932.92,3747.59,1910,0,15-09-2019,1910,0,0,0,0  ,1910,
3216014006/IF/321002041201418,13-02-2021,CONSTRUCTION OF STATE HOUSE OF BISWANATH SARDAR AND NINE OTHERS BENEFICIARIES ,183600,124890,183600,0,29-06-2020,183600,0,0,0,0  ,183600,
3216014006/IF/321002041201441,04-02-2021,CONSTRUCTION OF STATE HOUSE OF RAJU MONDAL AND NINE OTHERS BENEFICIARIES ,183600,124890,183600,0,29-06-2020,183600,0,0,0,0  ,183600,
3216014006/IF/321002041201389,04-02-2021,CONSTRUCTION OF STATE HOUSE OF KASHINATH NASKAR AND NINE OTHERS BENEFICIARIES ,183600,124890,183600,0,29-06-2020,183600,0,0,0,0  ,183600,
3216014006/IF/IAY/2540268,17-01-2020,Construction of PMAY-G House for Individuals -PMAY-G  REG. NO. WB3868078 ,17190,0,17190,0,08-09-2019,17190,0,0,0,0  ,17190,
3216014006/IF/321002041173084,28-12-2020,CONSTRUCTION OF STATE HOUSE OF SALIM SEKH AND NINE OTHERS IN CONVERGENCE WITH RELIEF DEPT ,183600,124890,183600,0,29-06-2020,183600,0,0,0,0  ,183600,
3216014006/IF/321002041201359,13-02-2021,CONSTRUCTION OF STATE HOUSE OF ABEDA GAZI AND NINE OTHERS BENEFICIARIES ,183600,124890,177888,0,29-06-2020,177888,0,0,0,0  ,177888,
3216014006/IF/321002041173085,10-12-2020,CONSTRUCTION OF STATE HOUSE OF SORAP ALI MONDAL AND NINE OTHERS IN CONVERGENCE WITH RELIEF DEPT ,183600,124890,177480,0,29-06-2020,177480,0,0,0,0  ,177480,
3216014006/IF/321002041018477,01-10-2019,PLANTATION OF HORTICULTURE TREES IN FIELDS FOR INDIVIDUALS BEGAM BIBI 02 424 ,1932.92,3747.59,1910,0,15-09-2019,1910,0,0,0,0  ,1910,
3216014006/IF/321002041018869,01-10-2019,PLANTATION OF HORTICULTURE TREES IN FIELDS FOR INDIVIDUALS SAFIK MOLLA 01 368 ,1932.92,3747.59,1910,0,14-09-2019,1910,0,0,0,0  ,1910,
3216014006/IF/321002041021909,05-03-2020,CONSTRUCTION OF HOUSE OF DESTITUTE WOMEN BIBIJAN BIBI 03 402 ,17190,0,17190,0,01-11-2019,17190,0,0,0,0  ,17190,
3216014006/IF/321002041018443,01-10-2019,PLANTATION OF HORTICULTURE TREES IN FIELDS FOR INDIVIDUALS SHYAMAL SARDAR 02 420 ,1932.92,3747.59,1910,0,14-09-2019,1910,0,0,0,0  ,1910,
3216014006/IF/321002041011017,01-10-2019,PLANTATION OF HORTICULTURE TREES IN FIELDS FOR INDIVIDUALS SHYAMAL MONDAL ,1932.92,3747.59,1910,0,14-09-2019,1910,0,0,0,0  ,1910,
3216014006/IF/321002041011036,01-10-2019,PLANTATION OF HORTICULTURE TREES IN FIELDS FOR INDIVIDUALS PURNIMA NASKAR ,1932.92,3747.59,1910,0,16-09-2019,1910,0,0,0,0  ,1910,
3216014006/IF/321002041010964,01-10-2019,PLANTATION OF HORTICULTURE TREES IN FIELDS FOR INDIVIDUALS SUDARSHAN SARDAR ,1932.92,3747.59,1910,0,03-09-2019,1910,0,0,0,0  ,1910,
3216014006/IF/321002041010958,01-10-2019,PLANTATION OF HORTICULTURE TREES IN FIELDS FOR INDIVIDUALS JUMMAN ALI MOLLA ,1932.92,3747.59,1910,0,03-09-2019,1910,0,0,0,0  ,1910,
3216014006/IF/321002041010969,01-10-2019,PLANTATION OF HORTICULTURE TREES IN FIELDS FOR INDIVIDUALS PANCHU GOPAL NASKAR ,1932.92,3747.59,1910,0,03-09-2019,1910,0,0,0,0  ,1910,
3216014006/IF/321002041172425,10-12-2020,CONSTRUCTION OF STATE HOUSE OF PRATAP KUNDAL AND NINE OTHERS IN CONVERGENCE WITH RELIEF DEPT ,183600,124890,180540,0,29-06-2020,180540,0,0,0,0  ,180540,
3216014006/IF/321002041201401,13-02-2021,CONSTRUCTION OF STATE HOUSE OF NIRMAL PARAMANIK AND NINE OTHERS BENEFICIARIES ,183600,124890,183600,0,29-06-2020,183600,0,0,0,0  ,183600,
3216014006/IF/321002041201501,13-02-2021,CONSTRUCTION OF STATE HOUSE OF SUBIR MUKHERJEE AND NINE OTHERS BENEFICIARIES ,183600,124890,181560,0,29-06-2020,181560,0,0,0,0  ,181560,
3216014006/IF/321002041019282,01-10-2019,PLANTATION OF HORTICULTURE TREES IN FIELDS FOR INDIVIDUALS BHUPEN MONDAL 06 257 ,1932.92,3747.59,1910,0,16-09-2019,1910,0,0,0,0  ,1910,
3216014006/IF/321002041172193,10-12-2020,CONSTRUCTION OF STATE HOUSE OF KAKALI KUNDAL IN CONVERGENCE WITH RELIEF DEPT ,183600,124890,183600,0,29-06-2020,183600,0,0,0,0  ,183600,
3216014006/IF/321002041172201,10-12-2020,CONSTRUCTION OF STATE HOUSE OF SAHAZADI BIBI IN CONVERGENCE WITH RELIEF DEPT ,183600,124890,183600,0,29-06-2020,183600,0,0,0,0  ,183600,
3216014006/IF/321002041172434,10-12-2020,CONSTRUCTION OF STATE HOUSE OF HAFIJA BIBI AND NINE OTHERS IN CONVERGENCE WITH RELIEF DEPT ,183600,124890,183600,0,29-06-2020,183600,0,0,0,0  ,183600,
3216014006/IF/321002041170312,23-11-2020,CONSTRUCTION OF STATE HOUSE OF TARAK AICH AND NINE OTHERS IN CONVERGENCE WITH RELIEF DEPT ,183600,124890,183600,0,29-06-2020,183600,0,0,0,0  ,183600,
3216014006/IF/321002041170307,23-11-2020,CONSTRUCTION OF STATE HOUSE OF AZIZA BIBI AND NINE OTHERS IN CONVERGENCE WITH RELIEF DEPT ,183600,124890,183600,0,29-06-2020,183600,0,0,0,0  ,183600,
3216014006/IF/321002041201868,04-02-2021,CONSTRUCTION OF STATE HOUSE OF SUSHANTA MONDAL AND NINE OTHERS BENEFICIARIES ,183600,124890,179724,0,29-06-2020,179724,0,0,0,0  ,179724,
3216014006/IF/321002041018336,01-10-2019,PLANTATION OF HORTICULTURE TREES IN FIELD FOR INDIVIDUALS JACKAB SARDAR ,1932.92,3747.59,1910,0,14-09-2019,1910,0,0,0,0  ,1910,
3216014006/IF/321002041168641,23-11-2020,CONSTRUCTION OF STATE HOUSE OF KAJAL DHALI AND NINE OTHERS IN CONVERGENCE WITH RELIEF DEPT ,183600,124890,183600,0,29-06-2020,183600,0,0,0,0  ,183600,
3216014006/IF/321002041010928,01-10-2019,PLANTATION OF HORTICULTURE TREES IN FIELDS FOR INDIVIDUALS KALO SEKH ,1932.92,3747.59,1910,0,30-08-2019,1910,0,0,0,0  ,1910,
3216014006/IF/321002041010949,01-10-2019,PLANTATION OF HORTICULTURE TREES IN FIELDS FOR INDIVIDUALS SAIRUVI BIBI ,1932.92,3747.59,1910,0,30-08-2019,1910,0,0,0,0  ,1910,
3216014006/IF/321002041163262,02-11-2020,CONSTRUCTION OF STATE HOUSE OF NURAKSAN BIBI AND NINE OTHERS IN CONVERGENCE WITH RELIEF DEPT ,183600,124890,177480,0,29-06-2020,177480,0,0,0,0  ,177480,
3216014006/IF/321002041010915,01-10-2019,PLANTATION OF HORTICULTURE TREES IN FIELDS FOR INDIVIDUALS ABDUL SEKH ,1932.92,3747.59,1910,0,30-08-2019,1910,0,0,0,0  ,1910,
3216014006/IF/321002041168644,23-11-2020,CONSTRUCTION OF STATE HOUSE OF JAYA GANGULY AND NINE OTHERS IN CONVERGENCE WITH RELIEF DEPT ,183600,124890,171360,0,29-06-2020,171360,0,0,0,0  ,171360,
3216014006/IF/321002040991883,18-11-2019,BLOCK PLANTATION OF HORTICULTURE TREES IN FIELDS FOR INDIVIDUALS SAJAL KUMAR NASKAR 03 126 ,15507.32,18881.53,4775,800,15-09-2019,4775,0,0,800,0  ,5575,
3216014006/IF/321002041163274,02-11-2020,CONSTRUCTION OF STATE HOUSE OF LUTHFAR MOLLA AND NINE OTHERS IN CONVERGENCE WITH RELIEF DEPT ,183600,124890,179520,0,29-06-2020,179520,0,0,0,0  ,179520,
3216014006/IF/321002041010909,01-10-2019,PLANTATION OF HORTICULTURE TREES IN FIELDS FOR INDIVIDUALS KANAK DAS ,6931.63,3747.59,1910,0,30-08-2019,1910,0,0,0,0  ,1910,
3216014006/IF/321002041170313,23-11-2020,CONSTRUCTION OF STATE HOUSE OF SHYAMALI NASKAR AND NINE OTHERS IN CONVERGENCE WITH RELIEF DEPT ,183600,124890,183600,0,29-06-2020,183600,0,0,0,0  ,183600,
3216014006/IF/321002041010884,01-10-2019, PLANTATION OF HORTICULTURE TREES IN FIELDS FOR INDIVIDUALS RAFIK MOLLA . ,1932.92,3747.59,1910,0,30-08-2019,1910,0,0,0,0  ,1910,
3216014006/IF/321002041163143,02-11-2020,CONSTRUCTION OF STATE HOUSE OF RADHARANI BISWAS AND NINE OTHERS IN CONVERGENCE WITH RELIEF DEPT ,183600,124890,168300,0,29-06-2020,168300,0,0,0,0  ,168300,
3216014006/IF/321002041168687,16-12-2020,CONSTRUCTION OF STATE HOUSE OF ADURI BIBI AND NINE OTHERS IN CONVERGENCE WITH RELIEF DEPT ,183600,124890,179520,0,29-06-2020,179520,0,0,0,0  ,179520,
3216014006/IF/321002040991887,18-11-2019,BLOCK PLANTATION OF HORTICULTURE TREES IN FIELDS FOR INDIVIDUALS SANATAN SARDAR 08 103 ,15507.32,18881.53,4775,800,15-09-2019,4775,0,0,800,0  ,5575,
3216014006/IF/321002041160644,02-11-2020,CONSTRUCTION OF STATE HOUSE OF MAMTAJ BIBI AND NINE OTHERS IN CONVERGENCE WITH RELIEF DEPT ,183600,124890,183600,0,29-06-2020,183600,0,0,0,0  ,183600,
3216014006/IF/321002041158188,21-10-2020,CONSTRUCTION OF STATE HOUSE OF SANDIP SARDAR AND NINE OTHERS IN CONVERGENCE WITH RELIEF DEPT ,183600,124890,183600,0,29-06-2020,183600,0,0,0,0  ,183600,
3216014006/IF/321002041158183,21-10-2020,CONSTRUCTION OF STATE HOUSE OF PRASENJIT MONDAL AND NINE OTHERS IN CONVERGENCE WITH RELIEF DEPT ,183600,124890,179520,0,29-06-2020,179520,0,0,0,0  ,179520,
3216014006/IF/321002041160645,02-11-2020,CONSTRUCTION OF STATE HOUSE OF MANOHARA BIBI AND NINE OTHERS IN CONVERGENCE WITH RELIEF DEPT ,183600,124890,183600,0,29-06-2020,183600,0,0,0,0  ,183600,
3216014006/IF/321002040991524,18-11-2019,BLOCK PLANTATION OF HORTICULTURE TREES IN FIELDS FOR INDIVIDUALS ROSANARA BIBI 01 360 ,15507.32,18881.53,4775,800,15-09-2019,4775,0,0,800,0  ,5575,
3216014006/IF/321002041010899,01-10-2019,PLANTATION OF HORTICULTURE TREES IN FIELDS FOR INDIVIDUALS SAMSUDDIN MOLLA ,1932.92,3747.59,1910,0,30-08-2019,1910,0,0,0,0  ,1910,
3216014006/IF/321002041158177,21-10-2020,CONSTRUCTION OF STATE HOUSE OF JHARNA DAS AND NINE OTHERS IN CONVERGENCE WITH RELIEF DEPT ,183600,124890,183600,0,29-06-2020,183600,0,0,0,0  ,183600,
3216014006/IF/321002041134674,01-10-2020,CONSTRUCTION OF STATE HOUSE OF DIPANKAR NASKAR 09 361 ,19380,11469,18360,0,04-06-2020,18360,0,0,0,0  ,18360,
3216014006/IF/321002041134664,01-10-2020,CONSTRUCTION OF STATE HOUSE OF SHIBU PRAMANICK ,19380,11469,18360,0,04-06-2020,18360,0,0,0,0  ,18360,
3216014006/IF/321002041134711,01-10-2020,CONSTRUCTION OF STATE HOUSE OF BAPPA NASKAR 10 390 ,19380,11469,18360,0,04-06-2020,18360,0,0,0,0  ,18360,
3216014006/IF/321002041163139,02-11-2020,CONSTRUCTION OF STATE HOUSE OF GOPAL CHARUI AND NINE OTHERS IN CONVERGENCE WITH RELIEF DEPT ,183600,124890,168300,0,29-06-2020,168300,0,0,0,0  ,168300,
3216014006/IF/321002041134538,03-08-2020,CONSTRUCTION OF STATE HOUSE OF BHOLA MONDAL 17 395 ,19380,11469,6120,0,04-06-2020,6120,0,0,0,0  ,6120,
3216014006/IF/321002040991592,18-11-2019,BLOCK PLANTATION OF HORTICULTURE TREES IN FIELDS FOR INDIVIDUALS ASIT MANNA 13 188 ,15507.32,18881.53,4775,800,14-09-2019,4775,0,0,800,0  ,5575,
3216014006/IF/321002041134615,01-10-2020,CONSTRUCTION OF STATE HOUSE OF KOUSHIK SANPUI 04 364 ,19380,11469,18360,0,04-06-2020,18360,0,0,0,0  ,18360,
3216014006/IF/321002040991551,18-11-2019,BLOCK PLANTATION OF HORTICULTURE TREES IN FIELDS FOR INDIVIDUALS SAHIDA BIBI 15 170 ,15507.32,18881.53,4775,800,14-09-2019,4775,0,0,800,0  ,5575,
3216014006/IF/321002041134495,01-10-2020,CONSTRUCTION OF STATE HOUSE OF KAMAL HAZRA 16 434 ,19380,11469,15300,0,04-06-2020,15300,0,0,0,0  ,15300,
3216014006/IF/321002041134484,01-10-2020,CONSTRUCTION OF STATE HOUSE OF PANNALAL NASKAR 07 360 ,19380,11469,18360,0,04-06-2020,18360,0,0,0,0  ,18360,
3216014006/IF/321002040991342,18-11-2019,BLOCK PLANTATION OF HORTICULTURE TREES IN FIELDS FOR INDIVIDUALS RABIN HALDER 17 302 ,15507.32,18881.53,4775,0,14-09-2019,4775,0,0,0,0  ,4775,
3216014006/FP/PP/249467,05-02-2020,RENOVATION OF FLOOD CHANNEL AT DIFFERENT PLACES OF SANSAD XVII NEW XXI ,41643.73,0,41065,0,05-12-2019,41065,0,0,0,0  ,41065,
3216014006/IF/321002040991520,18-11-2019,BLOCK PLANTATION OF HORTICULTURE TREES IN FIELDS FOR INDIVIDUALS LUTFAR ALI MOLLA 01 358 ,12535.94,8701.49,4775,800,15-09-2019,4775,0,0,800,0  ,5575,
3216014006/IF/321002041134606,01-10-2020,CONSTRUCTION OF STATE HOUSE OF RUHIT SARDAR 04 114 ,19380,11469,18360,0,04-06-2020,18360,0,0,0,0  ,18360,
3216014006/FP/PP/249466,17-01-2020,RENOVATION OF FLOOD CHANNEL OF DIFFERENT PLACES OF SANSAD XV ,52601.4,1500,45840,800,21-11-2019,45840,0,0,800,0  ,46640,
3216014006/FP/PP/249456,13-02-2020, RENOVATION OF FOOLD CHANNEL OF DIFFERENT PLACES OF SANSAD IV  ,46025.27,0,45840,0,05-12-2019,45840,0,0,0,0  ,45840,
3216014006/IF/321002040991265,18-11-2019,BLOCK PLANTATION OF HORTICULTURE TREES IN FIELDS FOR INDIVIDUALS RANAJIT RAY BARMAN 04 119 ,15507.32,18881.53,4775,800,15-09-2019,4775,0,0,800,0  ,5575,
3216014006/IF/321002041163141,23-11-2020,CONSTRUCTION OF STATE HOUSE OF BIJALI BISWAS AND NINE OTHERS IN CONVERGENCE WITH RELIEF DEPT ,183600,124890,175440,0,29-06-2020,175440,0,0,0,0  ,175440,
3216014006/FP/320201060539665,05-03-2020,RENOVATION OF FLOOD CHANNEL AT DIFFERENT PLACES OF SANSAD XVII NEW SANSAD XXI ,52601.4,0,22110,0,10-02-2020,22110,0,0,0,0  ,22110,
3216014006/FP/PP/245856,17-01-2020,RENOVATION OF FLOOD CHANNEL OF DIFFERENT PLACES OF SANSAD IX ,26300.7,1500,24830,800,21-11-2019,24830,0,0,800,0  ,25630,
3216014006/DP/321002040903743,17-02-2020,PUSHTI BAGAN IN THE FIELD OF RUBIYA BIBI THE MOTHER OF MALNOURISHED CHILD IZAZ AHMED MOLLA ,7927.91,4054.2,5921,2528,03-11-2019,5921,0,0,2528,0  ,8449,
3216014006/IF/321002041134524,01-10-2020,CONSTRUCTION OF STATE HOUSE OF GAYATRI NASKAR 09 13 ,19380,11469,18360,0,04-06-2020,18360,0,0,0,0  ,18360,
3216014006/DP/321002040903741,12-02-2020,PUSHTI BAGAN AT RASAPUNJA FP SCHOOL UNIT II ,7927.91,4054.2,5921,2528,03-11-2019,5921,0,0,2528,0  ,8449,
3216014006/FP/320201060539642,13-03-2020,RENOVATION OF FLOOD CHANNEL AT DIFFERENT PLACES OF SANSAD XVIII ,78902.1,1500,37390,0,10-02-2020,37390,0,0,0,0  ,37390,
3216014006/FP/320201060539660,13-03-2020,RENOVATION OF FLOOD CHANNEL AT DIFFERENT PLACES OF SANSAD X ,39449.14,1500,16599,0,10-02-2020,16599,0,0,0,0  ,16599,
3216014006/DP/321002040903742,12-02-2020,PUSHTI BAGAN AT RASAPUNJA JNANADAMOYEE BALIKA VIDYALAYA ,7927.91,4054.2,5921,2528,03-11-2019,5921,0,0,2528,0  ,8449,
3216014006/IF/321002041134467,01-10-2020,CONSTRUCTION OF STATE HOUSE OF PURNIMA SARDAR 05 211 ,19380,11469,18360,0,04-06-2020,18360,0,0,0,0  ,18360,
3216014006/IF/321002041134456,01-10-2020,CONSTRUCTION OF STATE HOUSE OF SHEFALI MONDAL 04 363 ,19380,11469,18360,0,04-06-2020,18360,0,0,0,0  ,18360,
3216014006/IF/321002041134472,01-10-2020,CONSTRUCTION OF STATE HOUSE OF SARINA KHATUN 02 456 ,19380,11469,18360,0,04-06-2020,18360,0,0,0,0  ,18360,
3216014006/IF/321002041133851,01-10-2020,CONSTRUCTION OF STATE HOUSE KASHINATH SARDAR 11 039 ,19380,11469,18360,0,04-06-2020,18360,0,0,0,0  ,18360,
3216014006/IF/321002041156974,21-10-2020,CONSTRUCTION OF STATE HOUSE OF BINANDA MONDAL AND NINE OTHERS IN CONVERGENCE WITH RELIEF DEPT ,183600,124890,177072,0,29-06-2020,177072,0,0,0,0  ,177072,
3216014006/FP/320201060542174,13-03-2020,RENOVATION OF FLOOD CHANNEL OF DIFFERENT PLACES OF SANSAD-XVIII  ,35067.6,1500,14870,0,25-02-2020,14870,0,0,0,0  ,14870,
3216014006/DP/321002040903737,12-02-2020,PUSHTI BAGAN AT RASAPUNJA FP SCHOOL UNIT I ,7927.91,4054.2,5921,2528,01-11-2019,5921,0,0,2528,0  ,8449,
3216014006/FP/320201060539661,17-03-2020,RENOVATION OF FLOOD CHANNEL AT DIFFERENT PLACES OF SANSAD IV ,52601.4,1500,39128,0,10-02-2020,39128,0,0,0,0  ,39128,
3216014006/IF/321002041134669,01-10-2020,CONSTRUCTION OF STATE HOUSE OF MAYA NASKAR 04 366 ,19380,11469,18360,0,04-06-2020,18360,0,0,0,0  ,18360,
3216014006/IF/321002041133818,01-10-2020,CONSTRUCTION OF STATE HOUSE SHIBURAM NASKAR 04 362 ,19380,11469,17340,0,04-06-2020,17340,0,0,0,0  ,17340,
3216014006/IF/321002041133811,01-10-2020,CONSTRUCTION OF STATE HOUSE ANOYARA BIBI 06 453 ,19380,11469,18360,0,04-06-2020,18360,0,0,0,0  ,18360,
3216014006/IF/321002041133838,01-10-2020,CONSTRUCTION OF STATE HOUSE SUFAL BISWAS 09 360 ,19380,11469,18360,0,04-06-2020,18360,0,0,0,0  ,18360,
3216014006/IF/321002041132124,01-10-2020,CONSTRUCTION OF STATE HOUSE OF SOUMEN GHOSH 17 447 ,19380,11469,18360,0,04-06-2020,18360,0,0,0,0  ,18360,
3216014006/IF/321002041134442,01-10-2020,CONSTRUCTION OF STATE HOUSE OF FAKIR ALI MOLLA 02 455 ,19380,11469,18360,0,04-06-2020,18360,0,0,0,0  ,18360,
3216014006/IF/321002041062023,13-04-2020,CONSTRUCTION OF HOUSE OF DESTITUTE WOMEN SAHERA BANU BIBI 06 434 ,17190,0,10696,0,26-12-2019,10696,0,0,0,0  ,10696,
3216014006/IF/321002041133841,01-10-2020,CONSTRUCTION OF STATE HOUSE PARIJAN BIBI 15 386 ,19380,11469,18360,0,04-06-2020,18360,0,0,0,0  ,18360,
3216014006/IF/321002041068091,13-04-2020,CONSTRUCTION OF HOUSE OF DESTITUTE WOMEN HAMIDA BIBI 03 404 ,17190,0,10696,0,26-12-2019,10696,0,0,0,0  ,10696,
3216014006/IF/321002041056396,13-04-2020,CONSTRUCTION OF HOUSE OF DESTITUTE WOMEN GOLENUR BIBI MOLLA 12 90 ,17190,0,10696,0,11-12-2019,10696,0,0,0,0  ,10696,
3216014006/IF/321002041132151,01-10-2020,CONSTRUCTION OF STATE HOUSE OF RAJKUMAR NASKAR 17 448 ,19380,11469,18360,0,04-06-2020,18360,0,0,0,0  ,18360,
3216014006/IF/321002040991337,13-05-2020,BLOCK PLANTATION OF HORTICULTURE TREES IN FIELDS FOR INDIVIDUALS  SAHANSA SANPUI 17 296 ,15507.32,18881.53,12545,800,15-09-2019,12545,0,0,800,0  ,13345,
3216014006/IF/321002041041058,13-04-2020,CONSTRUCTION OF HOUSE OF DESTITUTE WOMEN NURJAN MOLLA 03/400 ,17190,0,10696,0,01-11-2019,10696,0,0,0,0  ,10696,
3216014006/IF/321002041043081,23-05-2020,CONSTRUCTION OF HOUSE OF DESTITUTE WOMEN FARIDA BIBI 03 403 ,17190,0,14520,0,25-11-2019,14520,0,0,0,0  ,14520,
3216014006/IF/321002041134448,01-10-2020,CONSTRUCTION OF STATE HOUSE OF BANDE MOLLA 01 450 ,19380,11469,18360,0,04-06-2020,18360,0,0,0,0  ,18360,
3216014006/FP/GIS/429902,12-10-2020,RENOVATION OF FLOOD CHANNEL AT DIFFERENT PLACES OF SANSAD-XVI ,167917.84,2500,104040,800,23-06-2020,104040,0,0,800,0  ,104840,
3216014006/FP/PP/249468,04-06-2020,RENOVATION OF CANAL FROM KUMBHIR PARA TO KHAYERPOTA AT SANSAD IV ,86396.74,3000,76420,0,19-06-2019,76420,0,0,0,0  ,76420,
3216014006/FP/GIS/465910,15-08-2020,RENOVATION OF WATER LOGGED AREAS AT DIFFERENT PLACES OF SANSAD XIII ,43853.2,2500,38760,800,28-06-2020,38760,0,0,800,0  ,39560,
3216014006/FP/GIS/427428,23-11-2020,RENOVATION OF FLOOD CHANNEL AT DIFFERENT PLACES OF SANSAD VII ,133050.16,2500,106080,800,21-06-2020,106080,0,0,800,0  ,106880,
3216014006/FP/GIS/414816,18-01-2021,RENOVATION OF FLOOD CHANNEL AT DIFFERENT PLACES OF SANSAD XI ,143458.24,2500,120360,800,16-06-2020,120360,0,0,800,0  ,121160,
3216014006/FP/GIS/429774,23-11-2020,RENOVATION OF FLOOD CHANNEL AT DIFFERENT PLACES OF SANSAD-XIX ,58286.88,2500,46920,800,23-06-2020,46920,0,0,800,0  ,47720,
3216014006/FP/GIS/418833,09-11-2020,RENOVATION OF FLOOD CHANNEL AT DIFFERENT PLACES OF SANSAD XX ,143458.24,2500,83640,800,17-06-2020,83640,0,0,800,0  ,84440,
3216014006/IF/IAY/4346968,10-08-2021,Construction of PMAY-G House for Individuals -PMAY-G  REG. NO. WB5738759 ,18360,0,19170,0,06-06-2020,19170,0,0,0,0  ,19170,
3216014006/FP/GIS/413300,21-10-2020,RENOVATION OF FLOOD CHANNEL AT DIFFERENT PLACES OF SANSAD XII ,143458.24,2500,74664,800,15-06-2020,74664,0,0,800,0  ,75464,
3216014006/FP/GIS/413301,23-11-2020,RENOVATION OF FLOOD CHANNEL AT DIFFERENT PLACES OF SANSAD XVIII ,143458.24,2500,141780,800,15-06-2020,141780,0,0,800,0  ,142580,
3216014006/FP/PP/249473,15-03-2021,REEXCAVATION OF FLOOD CHANNEL OF SANSAD XI OLD SANSAD IX ,580763.2,3000,281790,800,05-03-2020,281790,0,0,800,0  ,282590,
3216014006/IF/321002041056410,13-04-2020,CONSTRUCTION OF HOUSE OF DESTITUTE WOMEN MAILA BIBI 06 433 ,17190,0,10696,0,11-12-2019,10696,0,0,0,0  ,10696,
3216014006/IF/321002041133832,14-09-2020,CONSTRUCTION OF STATE HOUSE ANJALI DAS 14 164 ,19380,11469,15300,0,04-06-2020,15300,0,0,0,0  ,15300,
3216014006/IF/IAY/4227096,10-08-2021,Construction of PMAY-G House for Individuals -PMAY-G  REG. NO. WB5612655 ,18360,0,19170,0,06-06-2020,19170,0,0,0,0  ,19170,
3216014006/IF/IAY/4337045,10-08-2021,Construction of PMAY-G House for Individuals -PMAY-G  REG. NO. WB5284191 ,18360,0,19170,0,06-06-2020,19170,0,0,0,0  ,19170,
3216014006/IF/IAY/4227094,10-08-2021,Construction of PMAY-G House for Individuals -PMAY-G  REG. NO. WB4673752 ,18360,0,19170,0,10-05-2020,19170,0,0,0,0  ,19170,
3216014006/FP/GIS/413298,18-08-2020,RENOVATION OF FLOOD CHANNEL AT DIFFERENT PLACES OF SANSAD-V ,133050.16,2500,118320,800,15-06-2020,118320,0,0,800,0  ,119120,
3216014006/FP/GIS/410067,07-01-2021,RENOVATION OF FLOOD CHANNEL AT DIFFERENT PLACES OF SANSAD-XV ,109402.48,2500,93636,800,13-06-2020,93636,0,0,800,0  ,94436,
3216014006/FP/GIS/410037,15-10-2020,RENOVATION OF FLOOD CHANNEL AT DIFFERENT PLACES OF SANSAD XXI ,109402.48,2500,80784,800,13-06-2020,80784,0,0,800,0  ,81584,
3216014006/IF/IAY/4317484,25-08-2021,Construction of PMAY-G House for Individuals -PMAY-G  REG. NO. WB5017051 ,18360,0,19170,0,06-06-2020,19170,0,0,0,0  ,19170,
3216014006/IF/321002041133843,01-10-2020,CONSTRUCTION OF STATE HOUSE MINA MONDAL 11 038 ,19380,11469,18360,0,04-06-2020,18360,0,0,0,0  ,18360,
3216014006/IF/321002041133848,01-10-2020,CONSTRUCTION OF STATE HOUSE RIYAJ KHAN 12 091 ,19380,11469,15300,0,04-06-2020,15300,0,0,0,0  ,15300,
3216014006/FP/GIS/410015,12-10-2020,RENOVATION OF FLOOD CHANNEL AT SANSAD XVII  ,98353.84,2500,59160,800,13-06-2020,59160,0,0,800,0  ,59960,
3216014006/FP/GIS/380849,29-01-2021,RENOVATION OF FLOOD CHANNEL AT DIFFERENT PLACES OF SANSAD-II ,71787.6,0,71400,0,09-06-2020,71400,0,0,0,0  ,71400,
3216014006/IF/IAY/4227093,10-08-2021,Construction of PMAY-G House for Individuals -PMAY-G  REG. NO. WB5318428 ,18360,0,19170,0,06-06-2020,19170,0,0,0,0  ,19170,
3216014006/FP/GIS/143513,15-03-2021,RENOVATION OF FLOOD CHANNEL OF DIFFERENT PLACES OF SANSAD-XII OLD SANSAD X ,420208.38,0,139536,0,13-05-2020,139536,0,0,0,0  ,139536,
3216014006/IF/IAY/4266593,10-08-2021,Construction of PMAY-G House for Individuals -PMAY-G  REG. NO. WB1740425 ,18360,0,19170,0,10-05-2020,19170,0,0,0,0  ,19170,
3216014006/IF/IAY/4227092,10-08-2021,Construction of PMAY-G House for Individuals -PMAY-G  REG. NO. WB5601532 ,18360,0,19170,0,06-06-2020,19170,0,0,0,0  ,19170,
3216014006/FP/GIS/410005,14-09-2020,RENOVATION OF FLOOD CHANNEL AT DIFFERENT PLACES OF SANSAD-IX ,102395.76,2500,93432,800,13-06-2020,93432,0,0,800,0  ,94232,
3216014006/FP/GIS/140588,04-06-2020,RENOVATION OF FLOOD CHANNEL OF DIFFERENT PLACES OF SANSAD-III ,202427.21,5000,67320,800,07-05-2020,67320,0,0,800,0  ,68120,
3216014006/IF/IAY/4227088,10-08-2021,Construction of PMAY-G House for Individuals -PMAY-G  REG. NO. WB4211725 ,18360,0,19170,0,10-05-2020,19170,0,0,0,0  ,19170,
3216014006/IF/IAY/4227086,10-08-2021,Construction of PMAY-G House for Individuals -PMAY-G  REG. NO. WB5123840 ,18360,0,19170,0,10-05-2020,19170,0,0,0,0  ,19170,
3216014006/DP/GIS/155518,23-11-2020,STREET PLANTATION AT SIMANA VERI TO PASCHIM PARA ,109863.6,174797.9,75480,0,09-07-2020,75480,0,0,0,0  ,75480,
3216014006/IF/IAY/4227089,10-08-2021,Construction of PMAY-G House for Individuals -PMAY-G  REG. NO. WB5229904 ,18360,0,19170,0,06-06-2020,19170,0,0,0,0  ,19170,
3216014006/FP/GIS/380813,14-09-2020,RENOVATION OF FLOOD CHANNEL AT DIFFERENT PLACES OF SANSAD-I ,70054.96,0,70380,0,09-06-2020,70380,0,0,0,0  ,70380,
3216014006/IF/IAY/4227087,10-08-2021,Construction of PMAY-G House for Individuals -PMAY-G  REG. NO. WB5284207 ,18360,0,19170,0,06-06-2020,19170,0,0,0,0  ,19170,
3216014006/IF/IAY/4227071,17-12-2021,Construction of PMAY-G House for Individuals -PMAY-G  REG. NO. WB5650489 ,18360,0,19170,0,06-06-2020,19170,0,0,0,0  ,19170,
3216014006/IF/IAY/4227078,10-08-2021,Construction of PMAY-G House for Individuals -PMAY-G  REG. NO. WB5263782 ,18360,0,19170,0,06-06-2020,19170,0,0,0,0  ,19170,
3216014006/IF/IAY/4290823,10-08-2021,Construction of PMAY-G House for Individuals -PMAY-G  REG. NO. WB4019477 ,18360,0,19170,0,10-05-2020,19170,0,0,0,0  ,19170,
3216014006/IF/IAY/4328213,10-08-2021,Construction of PMAY-G House for Individuals -PMAY-G  REG. NO. WB5219950 ,18360,0,19170,0,10-05-2020,19170,0,0,0,0  ,19170,
3216014006/IF/IAY/4227062,10-08-2021,Construction of PMAY-G House for Individuals -PMAY-G  REG. NO. WB5317980 ,18360,0,19170,0,06-06-2020,19170,0,0,0,0  ,19170,
3216014006/IF/IAY/4227061,10-08-2021,Construction of PMAY-G House for Individuals -PMAY-G  REG. NO. WB4646691 ,18360,0,19170,0,10-05-2020,19170,0,0,0,0  ,19170,
3216014006/FP/GIS/380856,14-09-2020,RENOVATION OF FLOOD CHANNEL AT DIFFERENT PLACES OF SANSAD-III ,81011.12,0,76500,0,09-06-2020,76500,0,0,0,0  ,76500,
3216014006/IF/IAY/4227058,10-08-2021,Construction of PMAY-G House for Individuals -PMAY-G  REG. NO. WB3873000 ,18360,0,19170,0,10-05-2020,19170,0,0,0,0  ,19170,
3216014006/IF/IAY/4227065,10-08-2021,Construction of PMAY-G House for Individuals -PMAY-G  REG. NO. WB5653657 ,18360,0,19170,0,06-06-2020,19170,0,0,0,0  ,19170,
3216014006/IF/IAY/4227046,10-08-2021,Construction of PMAY-G House for Individuals -PMAY-G  REG. NO. WB5736774 ,18360,0,19170,0,06-06-2020,19170,0,0,0,0  ,19170,
3216014006/IF/IAY/4227057,10-08-2021,Construction of PMAY-G House for Individuals -PMAY-G  REG. NO. WB5123846 ,18360,0,19170,0,10-05-2020,19170,0,0,0,0  ,19170,
3216014006/IF/IAY/4227034,10-08-2021,Construction of PMAY-G House for Individuals -PMAY-G  REG. NO. WB4707320 ,18360,0,19170,0,10-05-2020,19170,0,0,0,0  ,19170,
3216014006/IF/IAY/4227042,10-08-2021,Construction of PMAY-G House for Individuals -PMAY-G  REG. NO. WB4528704 ,18360,0,19170,0,10-05-2020,19170,0,0,0,0  ,19170,
3216014006/IF/IAY/4227067,10-08-2021,Construction of PMAY-G House for Individuals -PMAY-G  REG. NO. WB5575742 ,18360,0,19170,0,06-06-2020,19170,0,0,0,0  ,19170,
3216014006/IF/IAY/4227021,10-08-2021,Construction of PMAY-G House for Individuals -PMAY-G  REG. NO. WB5086987 ,18360,0,19170,0,10-05-2020,19170,0,0,0,0  ,19170,
3216014006/IF/IAY/4227033,10-08-2021,Construction of PMAY-G House for Individuals -PMAY-G  REG. NO. WB5282183 ,18360,0,19170,0,06-06-2020,19170,0,0,0,0  ,19170,
3216014006/IF/IAY/4227018,10-08-2021,Construction of PMAY-G House for Individuals -PMAY-G  REG. NO. WB3895950 ,18360,0,19170,0,06-06-2020,19170,0,0,0,0  ,19170,
3216014006/IF/IAY/4227009,10-08-2021,Construction of PMAY-G House for Individuals -PMAY-G  REG. NO. WB5216506 ,18360,0,19170,0,10-05-2020,19170,0,0,0,0  ,19170,
3216014006/IF/IAY/4112226,17-08-2021,Construction of PMAY-G House for Individuals -PMAY-G  REG. NO. WB4874735 ,18360,0,19170,0,27-02-2020,19170,0,0,0,0  ,19170,
3216014006/IF/IAY/4112227,17-08-2021,Construction of PMAY-G House for Individuals -PMAY-G  REG. NO. WB4894686 ,18360,0,19170,0,27-02-2020,19170,0,0,0,0  ,19170,
3216014006/IF/IAY/3392816,17-08-2021,Construction of PMAY-G House for Individuals -PMAY-G  REG. NO. WB4942287 ,17190,0,19170,0,02-03-2020,19170,0,0,0,0  ,19170,
3216014006/IF/IAY/4227084,10-08-2021,Construction of PMAY-G House for Individuals -PMAY-G  REG. NO. WB4961409 ,18360,0,19170,0,10-05-2020,19170,0,0,0,0  ,19170,
3216014006/IF/321002041202098,24-05-2021,CONSTRUCTION OF STATE HOUSE OF MOHAN SARDAR AND NINE OTHERS BENEFICIARIES ,183600,124890,183600,0,29-06-2020,183600,0,0,0,0  ,183600,
3216014006/IF/321002041202065,24-05-2021,CONSTRUCTION OF STATE HOUSE OF ASHA GHOSH AND NINE OTHERS BENEFICIARIES ,183600,124890,183600,0,29-06-2020,183600,0,0,0,0  ,183600,
3216014006/IF/321002041201883,24-05-2021,CONSTRUCTION OF STATE HOUSE OF BAPI GHOSH AND NINE OTHERS BENEFICIARIES ,183600,124890,177072,0,29-06-2020,177072,0,0,0,0  ,177072,
3216014006/IF/321002041201559,24-05-2021,CONSTRUCTION OF STATE HOUSE OF TUSIYA BIBI MOLLA AND NINE OTHERS BENEFICIARIES ,183600,124890,183600,0,29-06-2020,183600,0,0,0,0  ,183600,
3216014006/IF/321002041201521,24-05-2021,CONSTRUCTION OF STATE HOUSE OF ALPANA GHOSH AND NINE OTHERS BENEFICIARIES ,183600,124890,183600,0,29-06-2020,183600,0,0,0,0  ,183600,
3216014006/IF/321002041202101,24-05-2021,CONSTRUCTION OF STATE HOUSE OF ABU ALI MOLLA AND NINE OTHERS BENEFICIARIES ,183600,124890,183600,0,29-06-2020,183600,0,0,0,0  ,183600,
3216014006/IF/IAY/4112225,17-08-2021,Construction of PMAY-G House for Individuals -PMAY-G  REG. NO. WB5640272 ,18360,0,19170,0,27-02-2020,19170,0,0,0,0  ,19170,
3216014006/IF/IAY/4227070,10-08-2021,Construction of PMAY-G House for Individuals -PMAY-G  REG. NO. WB5658742 ,18360,0,19170,0,06-06-2020,19170,0,0,0,0  ,19170,
3216014006/IF/IAY/4227080,10-08-2021,Construction of PMAY-G House for Individuals -PMAY-G  REG. NO. WB1709807 ,18360,0,19170,0,10-05-2020,19170,0,0,0,0  ,19170,
3216014006/IF/IAY/4227032,10-08-2021,Construction of PMAY-G House for Individuals -PMAY-G  REG. NO. WB5065121 ,18360,0,19170,0,10-05-2020,19170,0,0,0,0  ,19170,
3216014006/IF/IAY/4227060,10-08-2021,Construction of PMAY-G House for Individuals -PMAY-G  REG. NO. WB5132213 ,18360,0,19170,0,10-05-2020,19170,0,0,0,0  ,19170,
3216014006/FP/GIS/409979,14-09-2020,RENOVATION OF FLOOD CHANNEL AT DIFFERENT PLACES OF SANSAD-IV ,102000,2500,91800,800,13-06-2020,91800,0,0,800,0  ,92600,
